Model,accuracy,auc
AttentionNet,0.7550128147143074,0.836115162318371
