{
    "folds": 3,
    "mean_accuracy": 0.9050798638387012,
    "std_accuracy": 0.022796505651891473,
    "mean_auc": 0.954819975203134,
    "std_auc": 0.007511237945601503,
    "fold_results": [
        {
            "accuracy": 0.8731343283582089,
            "roc_auc": 0.9456449097794609,
            "confusion_matrix": [
                [
                    59,
                    8
                ],
                [
                    9,
                    58
                ]
            ],
            "epoch": 8
        },
        {
            "accuracy": 0.9172932330827067,
            "roc_auc": 0.9547715965626413,
            "confusion_matrix": [
                [
                    57,
                    10
                ],
                [
                    1,
                    65
                ]
            ],
            "epoch": 6
        },
        {
            "accuracy": 0.924812030075188,
            "roc_auc": 0.9640434192672998,
            "confusion_matrix": [
                [
                    62,
                    4
                ],
                [
                    6,
                    61
                ]
            ],
            "epoch": 8
        }
    ]
}